{
  "flower": "kubejs:nectarblock_creeper",
  "maxTimeInHive": 600,
  "hasHoneycomb": true,
  "baseLayerTexture": "/creeper/creeper_bee",
  "traits" : ["creeper", "can_swim"],
  "ColorData": {
    "isBeeColored": false,
    "honeycombColor": "#0C9F0A",
    "isGlowing": true,
    "glowColor": "#E2D3D3",
    "glowingPulse": 2,
    "emissiveLayerTexture": "/creeper/creeper_bee_emissive"
  },
  "MutationData": {
    "hasMutation": false
  },
  "CentrifugeData": {
    "hasCentrifugeOutput": true,
    "mainOutput": "minecraft:gunpowder",
    "mainOutputCount": 4
  },
  "SpawnData": {
    "canSpawnInWorld": false,
    "lightLevel": "NIGHT"
  },
  "BreedData": {
    "isBreedable": true,
    "feedItem": "minecraft:gunpowder",
    "feedAmount": 4
  },
  "TraitData": {
    "hasTraits": true
  }
}
