{
  "flower": "minecraft:andesite",
  "baseLayerTexture":"craftable/andesite_bee",
  "hasHoneycomb": true,
  "traits":["can_swim"],
  "maxTimeInHive": 600,
  "ColorData": {
    "isBeeColored": false,
    "honeycombColor": "#8A8A8E"
  },
  "MutationData": {
    "hasMutation": false
  },
  "CentrifugeData": {
    "hasCentrifugeOutput": true,
    "mainOutput": "minecraft:andesite"
  },
  "SpawnData": {
    "canSpawnInWorld": false
  },
  "BreedData": {
    "isBreedable": true,
    "feedItem": "minecraft:andesite",
    "feedAmount": 1
  },
  "TraitData": {
    "hasTraits": true
  }
}
