{
  "flower": "minecraft:emerald_block",
  "hasHoneycomb": true,
  "maxTimeInHive": 600,
  "baseLayerTexture": "ores/emerald/emerald_bee",
  "ColorData": {
    "isBeeColored": false,
    "honeycombColor": "#18eb09",
    "modelType": "ORE"
  },
  "MutationData": {
    "hasMutation": false
  },
  "CentrifugeData": {
    "hasCentrifugeOutput": true,
    "mainOutput": "minecraft:emerald"
  },
  "SpawnData": {
    "canSpawnInWorld": false,
    "biomeWhitelist": "tag:OVERWORLD"
  },
  "BreedData": {
    "isBreedable": true,
    "parent1": "Coal",
    "parent2": "Cobblestone",
    "breedWeight": 0.25,
    "feedItem": "minecraft:emerald",
    "feedAmount": 1
  },
  "TraitData": {}
}
