{
  "flower": "refinedstorage:quartz_enriched_iron_block",
  "hasHoneycomb": true,
  "maxTimeInHive": 600,
  "ColorData": {
    "isBeeColored": true,
    "honeycombColor": "#C6CCCE",
    "primaryColor": "#C6CCCE",
    "secondaryColor": "#979FA1"
  },
  "MutationData": {
    "hasMutation": false
  },
  "CentrifugeData": {
    "hasCentrifugeOutput": true,
    "mainOutput": "refinedstorage:quartz_enriched_iron"
  },
  "SpawnData": {
    "canSpawnInWorld": false,
    "biomeWhitelist": "tag:OVERWORLD"
  },
  "BreedData": {
    "isBreedable": true,
    "parent1": "Iron",
    "parent2": "silicon",
    "feedItem": "refinedstorage:quartz_enriched_iron",
    "feedAmount": 1
  },
  "TraitData": {}
}
