{
  "flower": "mekanism:block_salt",
  "hasHoneycomb": true,
  "maxTimeInHive": 600,
  "ColorData": {
    "isBeeColored": true,
    "honeycombColor": "#D6D4DB",
    "primaryColor": "#D6D4DB",
    "secondaryColor": "#CBC7D0"
  },
  "MutationData": {
    "hasMutation": false
  },
  "CentrifugeData": {
    "hasCentrifugeOutput": true,
    "mainOutput": "mekanism:salt"
  },
  "SpawnData": {
    "canSpawnInWorld": false,
    "biomeWhitelist": "tag:OVERWORLD"
  },
  "BreedData": {
    "isBreedable": true,
    "parent1": "Sand",
    "parent2": "Icy",
    "feedItem": "mekanism:salt",
    "feedAmount": 1
  },
  "TraitData": {}
}
