{
  "flower": "kubejs:nectarblock_clay",
  "baseLayerTexture":"tier1/clay_bee",
  "hasHoneycomb": true,
  "traits":["can_swim"],
  "maxTimeInHive": 700,
  "ColorData": {
    "isBeeColored": false,
    "honeycombColor": "#9AA3B3"
  },
  "MutationData": {
    "hasMutation": false
  },
  "CentrifugeData": {
    "hasCentrifugeOutput": true,
    "mainOutput": "minecraft:clay_ball"
  },
  "SpawnData": {
    "canSpawnInWorld": false
  },
  "BreedData": {
    "isBreedable": true,
    "parent1": "water",
    "parent2": "sand",
    "feedItem": "minecraft:clay_ball",
    "feedAmount": 1
  },
  "TraitData": {
    "hasTraits": true
  }
}
