{
  "flower": "kubejs:nectarblock_ice",
  "hasHoneycomb": true,
  "traits":["can_swim"],
  "maxTimeInHive": 700,
  "sizeModifier": 0.75,
  "baseLayerTexture": "natural/icy_bee",
  "ColorData": {
    "isBeeColored": false,
    "honeycombColor": "#92b9fe",
    "primaryColor": "#92b9fe",
    "secondaryColor": "#303030",
    "modelType": "GELATINOUS"
  },
  "MutationData": {
    "hasMutation": false
  },
  "CentrifugeData": {
    "hasCentrifugeOutput": true,
    "mainOutput": "minecraft:ice"
  },
  "SpawnData": {
    "canSpawnInWorld": false
  },
  "BreedData": {
    "isBreedable": true,
    "parent1": "water",
    "parent2": "snowball",
    "feedItem": "minecraft:ice",
    "feedAmount": 1
  },
  "TraitData": {
    "hasTraits": true
  }
}
