{
  "flower": "kubejs:nectarblock_obsidian",
  "baseLayerTexture":"tier1/obsidian_bee",
  "hasHoneycomb": true,
  "traits":["can_swim", "nether"],
  "maxTimeInHive": 700,
  "ColorData": {
    "isBeeColored": false,
    "honeycombColor": "#3B2754"
  },
  "MutationData": {
    "hasMutation": false
  },
  "CentrifugeData": {
    "hasCentrifugeOutput": true,
    "mainOutput": "minecraft:obsidian"
  },
  "SpawnData": {
    "canSpawnInWorld": false
  },
  "BreedData": {
    "isBreedable": true,
    "parent1": "water",
    "parent2": "lava",
    "feedItem": "minecraft:obsidian",
    "feedAmount": 1
  },
  "TraitData": {
    "hasTraits": true
  }
}
