{
  "flower": "kubejs:nectarblock_rose_gold",
  "hasHoneycomb": true,
  "maxTimeInHive": 800,
  "traits":["can_swim"],
  "baseLayerTexture": "tier5/rosegold_bee",
  "ColorData": {
    "isBeeColored": false,
    "honeycombColor": "#F7CDBB",
    "modelType": "ORE"
  },
  "MutationData": {
    "hasMutation": false
  },
  "CentrifugeData": {
    "hasCentrifugeOutput": true,
    "mainOutput": "tconstruct:rose_gold_ingot"
  },
  "SpawnData": {
    "canSpawnInWorld": false
  },
  "BreedData": {
    "isBreedable": true,
    "parent1": "gold",
    "parent2": "copper",
    "feedItem": "tconstruct:rose_gold_ingot",
    "feedAmount": 1
  },
  "TraitData": {
    "hasTraits": true
  }
}
