{
  "flower": "kubejs:nectarblock_pigman",
  "maxTimeInHive": 1000,
  "hasHoneycomb": true,
  "baseLayerTexture": "pigman/pigman_bee",
  "traits": ["nether", "pigman", "can_swim"],
  "ColorData": {
    "isBeeColored": false,
    "honeycombColor": "#885956"
  },
  "MutationData": {
    "hasMutation": false
  },
  "CentrifugeData": {
    "hasCentrifugeOutput": true,
    "mainOutput": "minecraft:glowstone_dust"
  },
  "SpawnData": {
    "canSpawnInWorld": false,
    "lightLevel": "NIGHT"
  },
  "BreedData": {
    "isBreedable": true,
    "parent1": "gold",
    "parent2": "nether",
    "feedItem": "minecraft:gold_nugget",
    "feedAmount": 9
  },
  "TraitData": {
    "hasTraits": true
  }
}
