{
  "flower": "ALL",
  "hasHoneycomb": true,
  "maxTimeInHive": 600,
  "ColorData": {
    "isBeeColored": true,
    "honeycombColor": "#887E7E",
    "primaryColor": "#887E7E",
    "secondaryColor": "#9C9292"
  },
  "MutationData": {
    "hasMutation": false
  },
  "CentrifugeData": {
    "hasCentrifugeOutput": true,
    "mainOutput": "minecraft:gravel"
  },
  "SpawnData": {
    "canSpawnInWorld": false,
    "biomeWhitelist": "tag:OVERWORLD"
  },
  "BreedData": {
    "feedItem": "minecraft:flint",
    "feedAmount": 4,
    "isBreedable": true
  },
  "TraitData": {}
}
