{
  "flower": "minecraft:glowstone",
  "maxTimeInHive": 600,
  "hasHoneycomb": true,
  "baseLayerTexture": "pigman/pigman_bee",
  "ColorData": {
    "isBeeColored": false,
    "honeycombColor": "#885956"
  },
  "MutationData": {
    "hasMutation": false
  },
  "CentrifugeData": {
    "hasCentrifugeOutput": true,
    "mainOutput": "minecraft:glowstone_dust"
  },
  "SpawnData": {
    "canSpawnInWorld": false,
    "biomeWhitelist": "tag:OVERWORLD"
  },
  "BreedData": {
    "isBreedable": true,
    "parent1": "Sieve",
    "parent2": "Dust",
    "breedWeight": 0.1,
    "feedItem": "minecraft:glowstone_dust",
    "feedAmount": 1
  },
  "TraitData": {}
}
