{
  "flower": "kubejs:nectarblock_redstone",
  "maxTimeInHive": 800,
  "traits":["can_swim"],
  "hasHoneycomb": true,
  "baseLayerTexture": "ores/redstone/redstone_bee",
  "ColorData": {
    "isBeeColored": false,
    "honeycombColor": "#aa0f01",
    "modelType": "ORE"
  },
  "MutationData": {
    "hasMutation": false
  },
  "CentrifugeData": {
    "hasCentrifugeOutput": true,
    "mainOutput": "minecraft:redstone",
    "mainOutputCount": 1
  },
  "SpawnData": {
    "canSpawnInWorld": false
  },
  "BreedData": {
    "isBreedable": true,
    "parent1": "cinnabar",
    "parent2": "cobblestone",
    "feedItem": "minecraft:redstone",
    "feedAmount": 1
  },
  "TraitData": {
    "hasTraits": true
  }
}
