{
  "flower": "kubejs:nectarblock_copper",
  "hasHoneycomb": true,
  "maxTimeInHive": 700,
  "traits":["can_swim"],
  "baseLayerTexture": "tier3/copper_bee",
  "ColorData": {
    "isBeeColored": false,
    "honeycombColor": "#D86A28",
    "modelType": "ORE"
  },
  "MutationData": {
    "hasMutation": false
  },
  "CentrifugeData": {
    "hasCentrifugeOutput": true,
    "mainOutput": "thermal:copper_ingot"
  },
  "SpawnData": {
    "canSpawnInWorld": false
  },
  "BreedData": {
    "isBreedable": true,
    "parent1": "nickel",
    "parent2": "cobblestone",
    "feedItem": "thermal:copper_ingot",
    "feedAmount": 1
  },
  "TraitData": {
    "hasTraits": true
  }
}
