{
  "flower": "kubejs:nectarblock_sulfur",
  "hasHoneycomb": true,
  "maxTimeInHive": 700,
  "traits":["can_swim"],
  "baseLayerTexture": "tier3/sulfur_bee",
  "ColorData": {
    "isBeeColored": false,
    "honeycombColor": "#EEED70"
  },
  "MutationData": {
    "hasMutation": false
  },
  "CentrifugeData": {
    "hasCentrifugeOutput": true,
    "mainOutput": "thermal:sulfur"
  },
  "SpawnData": {
    "canSpawnInWorld": false
  },
  "BreedData": {
    "isBreedable": true,
    "parent1": "creeper",
    "parent2": "salt",
    "feedItem": "thermal:sulfur",
    "feedAmount": 2
  },
  "TraitData": {
    "hasTraits": true
  }
}
