{
  "groupOverrides": {
    "Vanilla Seeds": {
      "enabled": true
    },
    "Vanilla Saplings": {
      "enabled": false
    },
    "Bone Meal": {
      "enabled": false
    }
  },
  "customCategories": {
    "nether": {
      "name": "Nether",
      "icon": {
        "item": "minecraft:nether_wart"
      }
    },
    "corals": {
      "name": "Corals",
      "icon": {
        "item": "exnihilosequentia:seed_blue_coral"
      }
    },
    "saplings": {
      "name": "Saplings",
      "icon": {
        "item": "minecraft:oak_sapling"
      }
    },
    "thermal": {
      "name": "Thermal",
      "icon": {
        "item": "thermal:machine_frame"
      }
    },
    "exnihilo": {
      "name": "Ex Nihilo",
      "icon": {
        "item": "exnihilosequentia:sieve"
      }
    },
    "tinkers": {
      "name": "Tinkers",
      "icon": {
        "item": "tconstruct:smeltery_controller"
      }
    },
    "other": {
      "name": "Other",
      "icon": {
        "item": "minecraft:bone_meal"
      }
    }
  },
  "customEntries": [
    {
      "output": {
        "item": "minecraft:nether_wart"
      },
      "payment": {
        "item": "minecraft:emerald"
      },
      "category": "nether"
    },
    {
      "output": {
        "item": "exnihilosequentia:seed_blue_coral"
      },
      "payment": {
        "item": "minecraft:emerald"
      },
      "category": "corals"
    },
    {
      "output": {
        "item": "exnihilosequentia:seed_pink_coral"
      },
      "payment": {
        "item": "minecraft:emerald"
      },
      "category": "corals"
    },
    {
      "output": {
        "item": "exnihilosequentia:seed_red_coral"
      },
      "payment": {
        "item": "minecraft:emerald"
      },
      "category": "corals"
    },
    {
      "output": {
        "item": "exnihilosequentia:seed_purple_coral"
      },
      "payment": {
        "item": "minecraft:emerald"
      },
      "category": "corals"
    },
    {
      "output": {
        "item": "exnihilosequentia:seed_yellow_coral"
      },
      "payment": {
        "item": "minecraft:emerald"
      },
      "category": "corals"
    },
    {
      "output": {
        "item": "exnihilosequentia:seed_darkoak"
      },
      "payment": {
        "item": "minecraft:oak_sapling"
      },
      "category": "saplings"
    },
    {
      "output": {
        "item": "exnihilosequentia:seed_birch"
      },
      "payment": {
        "item": "minecraft:oak_sapling"
      },
      "category": "saplings"
    },
    {
      "output": {
        "item": "exnihilosequentia:seed_acacia"
      },
      "payment": {
        "item": "minecraft:oak_sapling"
      },
      "category": "saplings"
    },
    {
      "output": {
        "item": "exnihilosequentia:seed_oak"
      },
      "payment": {
        "item": "minecraft:oak_sapling"
      },
      "category": "saplings"
    },
    {
      "output": {
        "item": "exnihilosequentia:seed_jungle"
      },
      "payment": {
        "item": "minecraft:oak_sapling"
      },
      "category": "saplings"
    },
    {
      "output": {
        "item": "exnihilosequentia:seed_spruce"
      },
      "payment": {
        "item": "minecraft:oak_sapling"
      },
      "category": "saplings"
    },
    {
      "output": {
        "item": "tconstruct:earth_slime_sapling"
      },
      "payment": {
        "item": "minecraft:emerald"
      },
      "category": "tinkers"
    },
    {
      "output": {
        "item": "thermal:frost_melon_seeds"
      },
      "payment": {
        "item": "minecraft:emerald"
      },
      "category": "thermal"
    },
    {
      "output": {
        "item": "exnihilosequentia:grass_seeds"
      },
      "payment": {
        "item": "minecraft:emerald"
      },
      "category": "exnihilo"
    },
    {
      "output": {
        "item": "tconstruct:ender_slime_sapling"
      },
      "payment": {
        "item": "minecraft:emerald"
      },
      "category": "tinkers"
    },
    {
      "output": {
        "item": "tconstruct:sky_slime_sapling"
      },
      "payment": {
        "item": "minecraft:emerald"
      },
      "category": "tinkers"
    },
    {
      "output": {
        "item": "tconstruct:earth_slime_grass_seeds"
      },
      "payment": {
        "item": "minecraft:emerald"
      },
      "category": "tinkers"
    },
    {
      "output": {
        "item": "tconstruct:sky_slime_grass_seeds"
      },
      "payment": {
        "item": "minecraft:emerald"
      },
      "category": "tinkers"
    },
    {
      "output": {
        "item": "tconstruct:ender_slime_grass_seeds"
      },
      "payment": {
        "item": "minecraft:emerald"
      },
      "category": "tinkers"
    },
    {
      "output": {
        "item": "tconstruct:blood_slime_grass_seeds"
      },
      "payment": {
        "item": "minecraft:emerald"
      },
      "category": "tinkers"
    },
    {
      "output": {
        "item": "minecraft:bone_meal"
      },
      "payment": {
        "item": "minecraft:emerald"
      },
      "category": "other"
    },
    {
      "output": {
        "item": "minecraft:seagrass"
      },
      "payment": {
        "item": "minecraft:emerald"
      },
      "category": "other"
    },
    {
      "output": {
        "item": "minecraft:sea_pickle"
      },
      "payment": {
        "item": "minecraft:emerald"
      },
      "category": "other"
    },
    {
      "output": {
        "item": "exnihilosequentia:seed_potato"
      },
      "payment": {
        "item": "minecraft:emerald"
      },
      "category": "exnihilo"
    },
    {
      "output": {
        "item": "exnihilosequentia:seed_sugarcane"
      },
      "payment": {
        "item": "minecraft:emerald"
      },
      "category": "exnihilo"
    },
    {
      "output": {
        "item": "exnihilosequentia:seed_large_fern"
      },
      "payment": {
        "item": "minecraft:emerald"
      },
      "category": "exnihilo"
    },
    {
      "output": {
        "item": "exnihilosequentia:seed_kelp"
      },
      "payment": {
        "item": "minecraft:emerald"
      },
      "category": "exnihilo"
    },
    {
      "output": {
        "item": "exnihilosequentia:seed_fern"
      },
      "payment": {
        "item": "minecraft:emerald"
      },
      "category": "exnihilo"
    },
    {
      "output": {
        "item": "exnihilosequentia:seed_carrot"
      },
      "payment": {
        "item": "minecraft:emerald"
      },
      "category": "exnihilo"
    },
    {
      "output": {
        "item": "exnihilosequentia:seed_cactus"
      },
      "payment": {
        "item": "minecraft:emerald"
      },
      "category": "exnihilo"
    },
    {
      "output": {
        "item": "exnihilosequentia:seed_berry"
      },
      "payment": {
        "item": "minecraft:emerald"
      },
      "category": "exnihilo"
    },
    {
      "output": {
        "item": "exnihilosequentia:seed_bamboo"
      },
      "payment": {
        "item": "minecraft:emerald"
      },
      "category": "exnihilo"
    },
    {
      "output": {
        "item": "exnihilosequentia:ancient_spores"
      },
      "payment": {
        "item": "minecraft:emerald"
      },
      "category": "exnihilo"
    },
    {
      "output": {
        "item": "thermal:spinach_seeds"
      },
      "payment": {
        "item": "minecraft:emerald"
      },
      "category": "thermal"
    },
    {
      "output": {
        "item": "thermal:tea_seeds"
      },
      "payment": {
        "item": "minecraft:emerald"
      },
      "category": "thermal"
    },
    {
      "output": {
        "item": "thermal:radish_seeds"
      },
      "payment": {
        "item": "minecraft:emerald"
      },
      "category": "thermal"
    },
    {
      "output": {
        "item": "thermal:amaranth_seeds"
      },
      "payment": {
        "item": "minecraft:emerald"
      },
      "category": "thermal"
    },
    {
      "output": {
        "item": "thermal:flax_seeds"
      },
      "payment": {
        "item": "minecraft:emerald"
      },
      "category": "thermal"
    },
    {
      "output": {
        "item": "thermal:onion_seeds"
      },
      "payment": {
        "item": "minecraft:emerald"
      },
      "category": "thermal"
    },
    {
      "output": {
        "item": "thermal:sadiroot_seeds"
      },
      "payment": {
        "item": "minecraft:emerald"
      },
      "category": "thermal"
    },
    {
      "output": {
        "item": "thermal:barley_seeds"
      },
      "payment": {
        "item": "minecraft:emerald"
      },
      "category": "thermal"
    },
    {
      "output": {
        "item": "thermal:hops_seeds"
      },
      "payment": {
        "item": "minecraft:emerald"
      },
      "category": "thermal"
    },
    {
      "output": {
        "item": "thermal:bell_pepper_seeds"
      },
      "payment": {
        "item": "minecraft:emerald"
      },
      "category": "thermal"
    },
    {
      "output": {
        "item": "thermal:corn_seeds"
      },
      "payment": {
        "item": "minecraft:emerald"
      },
      "category": "thermal"
    },
    {
      "output": {
        "item": "thermal:rice_seeds"
      },
      "payment": {
        "item": "minecraft:emerald"
      },
      "category": "thermal"
    },
    {
      "output": {
        "item": "thermal:eggplant_seeds"
      },
      "payment": {
        "item": "minecraft:emerald"
      },
      "category": "thermal"
    },
    {
      "output": {
        "item": "thermal:tomato_seeds"
      },
      "payment": {
        "item": "minecraft:emerald"
      },
      "category": "thermal"
    },
    {
      "output": {
        "item": "thermal:peanut_seeds"
      },
      "payment": {
        "item": "minecraft:emerald"
      },
      "category": "thermal"
    },
    {
      "output": {
        "item": "thermal:strawberry_seeds"
      },
      "payment": {
        "item": "minecraft:emerald"
      },
      "category": "thermal"
    },
    {
      "output": {
        "item": "thermal:green_bean_seeds"
      },
      "payment": {
        "item": "minecraft:emerald"
      },
      "category": "thermal"
    },
    {
      "output": {
        "item": "thermal:coffee_seeds"
      },
      "payment": {
        "item": "minecraft:emerald"
      },
      "category": "thermal"
    }
  ]
}
