{
  "flower": "kubejs:nectarblock_ancient",
  "maxTimeInHive": 600,
  "hasHoneycomb": true,
  "baseLayerTexture": "ores/netherite/netherite_bee",
  "traits": ["nether", "wither", "can_swim"],
  "ColorData": {
    "isBeeColored": false,
    "honeycombColor": "#654740"
  },
  "MutationData": {
    "hasMutation": true,
    "mutations" : [
      {
        "type": "BLOCK",
        "inputID": "minecraft:blackstone",
        "outputs": [
          {"outputID": "minecraft:gilded_blackstone", "weight": 10},
          {"outputID": "minecraft:netherrack", "weight": 10}
        ]
      }
    ]
  },
  "CentrifugeData": {
    "hasCentrifugeOutput": true,
    "mainOutput": "minecraft:ancient_debris",
    "mainOutputWeight": 0.5
  },
  "SpawnData": {
    "canSpawnInWorld": false,
    "lightLevel": "NIGHT"
  },
  "BreedData": {
    "isBreedable": true,
    "parent1": "nether",
    "parent2": "obsidian",
    "feedItem": "minecraft:netherite_scrap",
    "feedAmount": 2
  },
  "TraitData": {
    "hasTraits": true
  }
}
