{
  "flower": "kubejs:nectarblock_elementium",
  "hasHoneycomb": true,
  "maxTimeInHive": 700,
  "traits":["can_swim"],
  "baseLayerTexture": "tier3/elementium_bee",
  "ColorData": {
    "isBeeColored": false,
    "honeycombColor": "#E876FF",
    "modelType": "ORE"
  },
  "MutationData": {
    "hasMutation": false
  },
  "CentrifugeData": {
    "hasCentrifugeOutput": true,
    "mainOutput": "botania:elementium_ingot"
  },
  "SpawnData": {
    "canSpawnInWorld": false
  },
  "BreedData": {
    "isBreedable": true,
    "feedItem": "botania:elementium_ingot",
    "feedAmount": 1
  },
  "TraitData": {
    "hasTraits": true
  }
}
