{
  "flower": "kubejs:nectarblock_bituminous_sand",
  "baseLayerTexture":"tier2/bituminoussand_bee",
  "hasHoneycomb": true,
  "traits":["can_swim"],
  "maxTimeInHive": 700,
  "ColorData": {
    "isBeeColored": false,
    "honeycombColor": "#1E1B1A"
  },
  "MutationData": {
    "hasMutation": false
  },
  "CentrifugeData": {
    "hasCentrifugeOutput": true,
    "mainOutput": "thermal:oil_sand"
  },
  "SpawnData": {
    "canSpawnInWorld": false
  },
  "BreedData": {
    "isBreedable": true,
    "parent1": "coal",
    "parent2": "sand",
    "feedItem": "thermal:bitumen",
    "feedAmount": 1
  },
  "TraitData": {
    "hasTraits": true
  }
}
