{
  "flower": "kubejs:nectarblock_black_iron",
  "hasHoneycomb": true,
  "maxTimeInHive": 700,
  "traits":["can_swim"],
  "baseLayerTexture": "tier2/blackiron_bee",
  "ColorData": {
    "isBeeColored": false,
    "honeycombColor": "#3C3C3C",
    "modelType": "ORE"
  },
  "MutationData": {
    "hasMutation": false
  },
  "CentrifugeData": {
    "hasCentrifugeOutput": true,
    "mainOutput": "extendedcrafting:black_iron_ingot"
  },
  "SpawnData": {
    "canSpawnInWorld": false
  },
  "BreedData": {
    "isBreedable": true,
    "feedItem": "extendedcrafting:black_iron_ingot",
    "feedAmount": 1
  },
  "TraitData": {
    "hasTraits": true
  }
}
