{
  "flower": "kubejs:nectarblock_seared",
  "hasHoneycomb": true,
  "maxTimeInHive": 700,
  "traits":["can_swim"],
  "baseLayerTexture": "tier2/seared_bee",
  "ColorData": {
    "isBeeColored": false,
    "honeycombColor": "#474340"
  },
  "MutationData": {
    "hasMutation": false
  },
  "CentrifugeData": {
    "hasCentrifugeOutput": true,
    "mainOutput": "tconstruct:seared_brick"
  },
  "SpawnData": {
    "canSpawnInWorld": false
  },
  "BreedData": {
    "isBreedable": true,
    "parent1": "clay",
    "parent2": "sand",
    "feedItem": "tconstruct:seared_brick",
    "feedAmount": 1
  },
  "TraitData": {
    "hasTraits": true
  }
}
