{
  "flower": "kubejs:nectarblock_zombie",
  "maxTimeInHive": 600,
  "hasHoneycomb": true,
  "baseLayerTexture": "zombie/zombie_bee",
  "traits": ["zombie", "can_swim"],
  "ColorData": {
    "isBeeColored": false,
    "honeycombColor": "#2F4E32"
  },
  "MutationData": {
    "hasMutation": true,
    "mutations" : [
      {
        "type": "ITEM",
        "inputID": "tag:forge:wool",
        "outputs": [
          {"outputID": "resourcefulbees:sheep_bee_spawn_egg", "weight": 10}
        ]
      }
  ]
},
  "CentrifugeData": {
    "hasCentrifugeOutput": true,
    "mainOutput": "minecraft:rotten_flesh"
  },
  "SpawnData": {
    "canSpawnInWorld": false,
    "lightLevel": "NIGHT"
  },
  "BreedData": {
    "isBreedable": true,
    "feedItem": "minecraft:rotten_flesh",
    "feedAmount": 4
  },
  "TraitData": {
    "hasTraits": true
  }
}
