{
  "flower": "kubejs:nectarblock_wither_skeleton",
  "maxTimeInHive": 600,
  "hasHoneycomb": true,
  "traits":["can_swim", "nether", "wither"],
  "baseLayerTexture": "tier3/wskeleton_bee",
  "ColorData": {
    "isBeeColored": false,
    "honeycombColor": "#1F1F1F"
  },
  "MutationData": {
    "hasMutation": false
  },
  "CentrifugeData": {
    "hasCentrifugeOutput": true,
    "mainOutput": "minecraft:wither_skeleton_skull"
  },
  "SpawnData": {
    "canSpawnInWorld": false,
    "lightLevel": "NIGHT"
  },
  "BreedData": {
    "isBreedable": true,
    "feedItem": "wstweaks:fragment",
    "feedAmount": 4
  },
  "TraitData": {
    "hasTraits": true
  }
}
