{
  "flower": "kubejs:nectarblock_ender",
  "hasHoneycomb": true,
  "traits": ["ender", "can_swim"],
  "maxTimeInHive": 1800,
  "ColorData": {
    "isBeeColored": true,
    "honeycombColor": "#339786",
    "primaryColor": "#339786",
    "secondaryColor": "#303030"
  },
  "MutationData": {
    "hasMutation": true,
    "mutations" : [
      {
        "type": "BLOCK",
        "inputID": "minecraft:obsidian",
        "chance": 0.5,
        "outputs": [
          {"outputID": "minecraft:end_stone", "weight": 10}
        ]
      }
    ]
  },
  "CentrifugeData": {
    "hasCentrifugeOutput": true,
    "mainOutput": "minecraft:ender_pearl",
    "bottleOutput" : "minecraft:dragon_breath"
  },
  "SpawnData": {
    "canSpawnInWorld": false,
    "lightLevel": "NIGHT"
  },
  "BreedData": {
    "isBreedable": true,
    "parent1": "skeleton",
    "parent2": "zombie",
    "feedItem": "thermal:ender_pearl_dust",
    "feedAmount": 1
  },
  "TraitData": {
    "hasTraits": true
  }
}
