{
  "flower": "exnihilosequentia:dust",
  "baseLayerTexture":"craftable/dust_bee",
  "hasHoneycomb": true,
  "traits":["can_swim"],
  "maxTimeInHive": 600,
  "ColorData": {
    "isBeeColored": false,
    "honeycombColor": "#E4E1C6"
  },
  "MutationData": {
    "hasMutation": false
  },
  "CentrifugeData": {
    "hasCentrifugeOutput": true,
    "mainOutput": "exnihilosequentia:dust"
  },
  "SpawnData": {
    "canSpawnInWorld": false
  },
  "BreedData": {
    "isBreedable": true,
    "feedItem": "exnihilosequentia:dust",
    "feedAmount": 1
  },
  "TraitData": {
    "hasTraits": true
  }
}
