{
  "flower": "kubejs:nectarblock_prismarine",
  "baseLayerTexture":"tier1/prismarine_bee",
  "hasHoneycomb": true,
  "traits":["can_swim"],
  "maxTimeInHive": 700,
  "ColorData": {
    "isBeeColored": false,
    "honeycombColor": "#458772"
  },
  "MutationData": {
    "hasMutation": false
  },
  "CentrifugeData": {
    "hasCentrifugeOutput": true,
    "mainOutput": "minecraft:prismarine_shard",
    "mainOutputWeight": 0.7,
    "secondaryOutput": "minecraft:prismarine_crystals",
    "secondaryOutputWeight": 0.3
  },
  "SpawnData": {
    "canSpawnInWorld": false
  },
  "BreedData": {
    "isBreedable": true,
    "feedItem": "minecraft:prismarine_shard",
    "feedAmount": 4
  },
  "TraitData": {
    "hasTraits": true
  }
}
