{
  "flower": "minecraft:soul_sand",
  "hasHoneycomb": true,
  "maxTimeInHive": 600,
  "ColorData": {
    "isBeeColored": true,
    "honeycombColor": "#DFDFDF",
    "primaryColor": "#DFDFDF",
    "secondaryColor": "#B3B3B3"
  },
  "MutationData": {
    "hasMutation": false
  },
  "CentrifugeData": {
    "hasCentrifugeOutput": true,
    "mainOutput": "minecraft:ghast_tear"
  },
  "SpawnData": {
    "canSpawnInWorld": false,
    "biomeWhitelist": "tag:OVERWORLD"
  },
  "BreedData": {
    "isBreedable": true,
    "parent1": "Soulsand",
    "parent2": "Sieve",
    "feedItem": "minecraft:ghast_tear",
    "feedAmount": 1
  },
  "TraitData": {}
}
