{
  "flower": "minecraft:gold_block",
  "hasHoneycomb": true,
  "maxTimeInHive": 600,
  "baseLayerTexture": "ores/gold/gold_bee",
  "ColorData": {
    "isBeeColored": false,
    "honeycombColor": "#FFDC00",
    "modelType": "ORE"
  },
  "MutationData": {
    "hasMutation": false
  },
  "CentrifugeData": {
    "hasCentrifugeOutput": true,
    "mainOutput": "minecraft:gold_ingot"
  },
  "SpawnData": {
    "canSpawnInWorld": false,
    "biomeWhitelist": "tag:OVERWORLD"
  },
  "BreedData": {
    "isBreedable": true,
    "parent1": "Sieve",
    "parent2": "Gravel",
    "breedWeight": 0.1,
    "feedItem": "minecraft:gold_ingot",
    "feedAmount": 1
  },
  "TraitData": {}
}
