{
  "flower": "ALL",
  "maxTimeInHive": 600,
  "hasHoneycomb": true,
  "ColorData": {
    "isBeeColored": true,
    "honeycombColor": "#ffffff",
    "isRainbowBee": true,
    "isGlowing": true
  },
  "MutationData": {
    "hasMutation": false
  },
  "CentrifugeData": {
    "hasCentrifugeOutput": false
  },
  "SpawnData": {
    "canSpawnInWorld": false,
    "biomeWhitelist": "TAG:OVerWorld"
  },
  "BreedData": {
    "isBreedable": true,
    "feedItem": "minecraft:poppy",
    "feedAmount": 1
  },
  "TraitData": {}
}
