{
  "flower": "wpbmod:witherproofblock",
  "hasHoneycomb": true,
  "maxTimeInHive": 600,
  "ColorData": {
    "isBeeColored": true,
    "honeycombColor": "#131313",
    "primaryColor": "#131313",
    "secondaryColor": "#212121"
  },
  "MutationData": {
    "hasMutation": false
  },
  "CentrifugeData": {
    "hasCentrifugeOutput": true,
    "mainOutput": "minecraft:wither_skeleton_skull"
  },
  "SpawnData": {
    "canSpawnInWorld": false,
    "biomeWhitelist": "tag:OVERWORLD"
  },
  "BreedData": {
    "isBreedable": true,
    "parent1": "Soulsand",
    "parent2": "Netherrack",
    "feedItem": "minecraft:wither_skeleton_skull",
    "feedAmount": 1
  },
  "TraitData": {}
}
