{
  "flower": "kubejs:nectarblock_gold",
  "hasHoneycomb": true,
  "maxTimeInHive": 800,
  "traits":["can_swim"],
  "baseLayerTexture": "ores/gold/gold_bee",
  "ColorData": {
    "isBeeColored": false,
    "honeycombColor": "#FFDC00",
    "modelType": "ORE"
  },
  "MutationData": {
    "hasMutation": false
  },
  "CentrifugeData": {
    "hasCentrifugeOutput": true,
    "mainOutput": "minecraft:gold_ingot"
  },
  "SpawnData": {
    "canSpawnInWorld": false
  },
  "BreedData": {
    "isBreedable": true,
    "parent1": "copper",
    "parent2": "cobblestone",
    "feedItem": "minecraft:gold_ingot",
    "feedAmount": 1
  },
  "TraitData": {
    "hasTraits": true
  }
}
