{
  "flower": "mekanism:block_copper",
  "hasHoneycomb": true,
  "maxTimeInHive": 600,
  "ColorData": {
    "isBeeColored": true,
    "honeycombColor": "#EC835A",
    "primaryColor": "#EC835A",
    "secondaryColor": "#EF9571",
    "modelType": "ORE"
  },
  "MutationData": {
    "hasMutation": false
  },
  "CentrifugeData": {
    "hasCentrifugeOutput": true,
    "mainOutput": "mekanism:ingot_copper"
  },
  "SpawnData": {
    "canSpawnInWorld": false,
    "biomeWhitelist": "tag:OVERWORLD"
  },
  "BreedData": {
    "isBreedable": true,
    "parent1": "Sieve",
    "parent2": "Gravel",
    "breedWeight": 0.1,
    "feedItem": "mekanism:ingot_copper",
    "feedAmount": 1
  },
  "TraitData": {}
}
