{
  "flower": "minecraft:obsidian",
  "hasHoneycomb": true,
  "maxTimeInHive": 600,
  "ColorData": {
    "isBeeColored": true,
    "honeycombColor": "#220239",
    "primaryColor": "#220239",
    "secondaryColor": "#0F0119"
  },
  "MutationData": {
    "hasMutation": false
  },
  "CentrifugeData": {
    "hasCentrifugeOutput": true,
    "mainOutput": "minecraft:obsidian"
  },
  "SpawnData": {
    "canSpawnInWorld": false,
    "biomeWhitelist": "tag:OVERWORLD"
  },
  "BreedData": {
    "isBreedable": true,
    "parent1": "Icy",
    "parent2": "Cobblestone",
    "feedItem": "minecraft:obsidian",
    "feedAmount": 1
  },
  "TraitData": {}
}
