{
  "flower": "minecraft:slime_block",
  "hasHoneycomb": true,
  "maxTimeInHive": 600,
  "baseLayerTexture": "slime/slime_bee",
  "ColorData": {
    "modelType": "GELATINOUS",
    "gelLayerTexture": "/slime/slime_gel_Layer"
  },
  "MutationData": {
    "hasMutation": false
  },
  "CentrifugeData": {
    "hasCentrifugeOutput": true,
    "mainOutput": "minecraft:slime_ball"
  },
  "SpawnData": {
    "canSpawnInWorld": false,
    "biomeWhitelist": "tag:OVERWORLD"
  },
  "BreedData": {
    "isBreedable": true,
    "parent1": "Snowball",
    "parent2": "zombie",
    "feedItem": "minecraft:slime_ball",
    "feedAmount": 1
  },
  "TraitData": {}
}
