{
  "flower": "kubejs:nectarblock_fluorite",
  "baseLayerTexture":"tier1/fluorite_bee",
  "hasHoneycomb": true,
  "traits":["can_swim"],
  "maxTimeInHive": 700,
  "ColorData": {
    "isBeeColored": false,
    "honeycombColor": "#E5F1F4"
  },
  "MutationData": {
    "hasMutation": false
  },
  "CentrifugeData": {
    "hasCentrifugeOutput": true,
    "mainOutput": "mekanism:fluorite_gem"
  },
  "SpawnData": {
    "canSpawnInWorld": false
  },
  "BreedData": {
    "isBreedable": true,
    "parent1": "sand",
    "parent2": "dust",
    "feedItem": "mekanism:fluorite_gem",
    "feedAmount": 1
  },
  "TraitData": {
    "hasTraits": true
  }
}
