{
  "flower": "botania:elementium_block",
  "hasHoneycomb": true,
  "maxTimeInHive": 600,
  "ColorData": {
    "isBeeColored": true,
    "honeycombColor": "#DA14A2",
    "primaryColor": "#DA14A2",
    "secondaryColor": "#E24CB7"
  },
  "MutationData": {
    "hasMutation": false
  },
  "CentrifugeData": {
    "hasCentrifugeOutput": true,
    "mainOutput": "botania:elementium_ingot"
  },
  "SpawnData": {
    "canSpawnInWorld": false,
    "biomeWhitelist": "tag:OVERWORLD"
  },
  "BreedData": {
    "isBreedable": true,
    "parent1": "Terrasteel",
    "parent2": "Manasteel",
    "feedItem": "botania:elementium_ingot",
    "feedAmount": 1
  },
  "TraitData": {}
}
