{
	"credit": "Made with Blockbench",
	"textures": {
		"1": "kubejs:block/oak_log",
		"2": "kubejs:block/oak_log_top",
		"3": "kubejs:block/oak_planks",
		"4": "kubejs:block/empty_dna",
		"particle": "kubejs:block/oak_log_top"
	},
	"elements": [
		{
			"from": [3, 0, 3],
			"to": [13, 1, 13],
			"rotation": {"angle": 0, "axis": "y", "origin": [0, 0, 0]},
			"faces": {
				"north": {"uv": [0, 2, 16, 4], "texture": "#3"},
				"east": {"uv": [0, 2, 16, 4], "texture": "#3"},
				"south": {"uv": [0, 2, 16, 4], "texture": "#3"},
				"west": {"uv": [0, 2, 16, 4], "texture": "#3"},
				"up": {"uv": [0, 0, 16, 16], "texture": "#3"},
				"down": {"uv": [0, 0, 16, 16], "texture": "#3"}
			}
		},
		{
			"from": [5, 1, 5],
			"to": [11, 2, 11],
			"rotation": {"angle": 0, "axis": "y", "origin": [0, 0, 0]},
			"faces": {
				"north": {"uv": [3, 2, 13, 4], "texture": "#3"},
				"east": {"uv": [3, 2, 13, 4], "texture": "#3"},
				"south": {"uv": [3, 2, 13, 4], "texture": "#3"},
				"west": {"uv": [3, 2, 13, 4], "texture": "#3"},
				"up": {"uv": [0, 0, 16, 16], "texture": "#3"},
				"down": {"uv": [0, 0, 16, 16], "texture": "#3"}
			}
		},
		{
			"from": [6, 2, 6],
			"to": [10, 7, 10],
			"rotation": {"angle": 0, "axis": "y", "origin": [0, 0, 0]},
			"faces": {
				"north": {"uv": [0, 0, 16, 16], "texture": "#1"},
				"east": {"uv": [0, 0, 16, 16], "texture": "#1"},
				"south": {"uv": [0, 0, 16, 16], "texture": "#1"},
				"west": {"uv": [0, 0, 16, 16], "texture": "#1"},
				"up": {"uv": [0, 0, 16, 16], "texture": "#2"},
				"down": {"uv": [0, 0, 16, 16], "texture": "#2"}
			}
		},
		{
			"from": [5, 7, 5],
			"to": [11, 8, 11],
			"rotation": {"angle": 0, "axis": "y", "origin": [0, 0, 0]},
			"faces": {
				"north": {"uv": [3, 2, 13, 4], "texture": "#3"},
				"east": {"uv": [3, 2, 13, 4], "texture": "#3"},
				"south": {"uv": [3, 2, 13, 4], "texture": "#3"},
				"west": {"uv": [3, 2, 13, 4], "texture": "#3"},
				"up": {"uv": [0, 0, 16, 16], "texture": "#2"},
				"down": {"uv": [0, 0, 16, 16], "texture": "#3"}
			}
		},
		{
			"from": [10, 7, 10],
			"to": [12, 10, 12],
			"rotation": {"angle": 0, "axis": "y", "origin": [0, 0, 0]},
			"faces": {
				"north": {"uv": [0, 0, 16, 16], "texture": "#1"},
				"east": {"uv": [0, 0, 16, 16], "texture": "#1"},
				"south": {"uv": [0, 0, 16, 16], "texture": "#1"},
				"west": {"uv": [0, 0, 16, 16], "texture": "#1"},
				"up": {"uv": [0, 0, 16, 16], "texture": "#2"},
				"down": {"uv": [0, 0, 16, 16], "texture": "#2"}
			}
		},
		{
			"from": [10, 7, 4],
			"to": [12, 10, 6],
			"rotation": {"angle": 0, "axis": "y", "origin": [0, 0, 0]},
			"faces": {
				"north": {"uv": [0, 0, 16, 16], "texture": "#1"},
				"east": {"uv": [0, 0, 16, 16], "texture": "#1"},
				"south": {"uv": [0, 0, 16, 16], "texture": "#1"},
				"west": {"uv": [0, 0, 16, 16], "texture": "#1"},
				"up": {"uv": [0, 0, 16, 16], "texture": "#2"},
				"down": {"uv": [0, 0, 16, 16], "texture": "#2"}
			}
		},
		{
			"from": [4, 7, 4],
			"to": [6, 10, 6],
			"rotation": {"angle": 0, "axis": "y", "origin": [0, 0, 0]},
			"faces": {
				"north": {"uv": [0, 0, 16, 16], "texture": "#1"},
				"east": {"uv": [0, 0, 16, 16], "texture": "#1"},
				"south": {"uv": [0, 0, 16, 16], "texture": "#1"},
				"west": {"uv": [0, 0, 16, 16], "texture": "#1"},
				"up": {"uv": [0, 0, 16, 16], "texture": "#2"},
				"down": {"uv": [0, 0, 16, 16], "texture": "#2"}
			}
		},
		{
			"from": [4, 7, 10],
			"to": [6, 10, 12],
			"rotation": {"angle": 0, "axis": "y", "origin": [0, 0, 0]},
			"faces": {
				"north": {"uv": [0, 0, 16, 16], "texture": "#1"},
				"east": {"uv": [0, 0, 16, 16], "texture": "#1"},
				"south": {"uv": [0, 0, 16, 16], "texture": "#1"},
				"west": {"uv": [0, 0, 16, 16], "texture": "#1"},
				"up": {"uv": [0, 0, 16, 16], "texture": "#2"},
				"down": {"uv": [0, 0, 16, 16], "texture": "#2"}
			}
		},
		{
			"from": [3, 9, 3],
			"to": [5, 12, 5],
			"rotation": {"angle": 0, "axis": "y", "origin": [0, 0, 0]},
			"faces": {
				"north": {"uv": [0, 0, 16, 16], "texture": "#1"},
				"east": {"uv": [0, 0, 16, 16], "texture": "#1"},
				"south": {"uv": [0, 0, 16, 16], "texture": "#1"},
				"west": {"uv": [0, 0, 16, 16], "texture": "#1"},
				"up": {"uv": [0, 0, 16, 16], "texture": "#2"},
				"down": {"uv": [0, 0, 16, 16], "texture": "#2"}
			}
		},
		{
			"from": [3, 9, 11],
			"to": [5, 12, 13],
			"rotation": {"angle": 0, "axis": "y", "origin": [0, 0, 0]},
			"faces": {
				"north": {"uv": [0, 0, 16, 16], "texture": "#1"},
				"east": {"uv": [0, 0, 16, 16], "texture": "#1"},
				"south": {"uv": [0, 0, 16, 16], "texture": "#1"},
				"west": {"uv": [0, 0, 16, 16], "texture": "#1"},
				"up": {"uv": [0, 0, 16, 16], "texture": "#2"},
				"down": {"uv": [0, 0, 16, 16], "texture": "#2"}
			}
		},
		{
			"from": [11, 9, 3],
			"to": [13, 12, 5],
			"rotation": {"angle": 0, "axis": "y", "origin": [0, 0, 0]},
			"faces": {
				"north": {"uv": [0, 0, 16, 16], "texture": "#1"},
				"east": {"uv": [0, 0, 16, 16], "texture": "#1"},
				"south": {"uv": [0, 0, 16, 16], "texture": "#1"},
				"west": {"uv": [0, 0, 16, 16], "texture": "#1"},
				"up": {"uv": [0, 0, 16, 16], "texture": "#2"},
				"down": {"uv": [0, 0, 16, 16], "texture": "#2"}
			}
		},
		{
			"from": [11, 9, 11],
			"to": [13, 12, 13],
			"rotation": {"angle": 0, "axis": "y", "origin": [0, 0, 0]},
			"faces": {
				"north": {"uv": [0, 0, 16, 16], "texture": "#1"},
				"east": {"uv": [0, 0, 16, 16], "texture": "#1"},
				"south": {"uv": [0, 0, 16, 16], "texture": "#1"},
				"west": {"uv": [0, 0, 16, 16], "texture": "#1"},
				"up": {"uv": [0, 0, 16, 16], "texture": "#2"},
				"down": {"uv": [0, 0, 16, 16], "texture": "#2"}
			}
		},
		{
			"from": [6, 8, 6],
			"to": [10, 8, 10],
			"rotation": {"angle": 0, "axis": "y", "origin": [0, 0, 0]},
			"faces": {
				"north": {"uv": [0, 0, 4, 0], "texture": "#missing"},
				"east": {"uv": [0, 0, 4, 0], "texture": "#missing"},
				"south": {"uv": [0, 0, 4, 0], "texture": "#missing"},
				"west": {"uv": [0, 0, 4, 0], "texture": "#missing"},
				"up": {"uv": [0, 0, 16, 16], "texture": "#4"},
				"down": {"uv": [0, 0, 3.5, 3.5], "texture": "#4"}
			}
		}
	],
	"display": {
		"thirdperson_righthand": {
			"translation": [0, 2, 0]
		},
		"thirdperson_lefthand": {
			"translation": [0, 2, 0]
		},
		"gui": {
			"rotation": [42, 31, 0],
			"scale": [0.9, 0.9, 0.9]
		}
	},
	"groups": [0, 1, 2, 3,
		{
			"name": "group",
			"origin": [0, 0, 0],
			"children": [4, 5, 6, 7]
		},
		{
			"name": "group",
			"origin": [8, 8, 8],
			"children": [8, 9, 10, 11]
		}, 12]
}