{
  "flower": "kubejs:nectarblock_slimesteel",
  "hasHoneycomb": true,
  "maxTimeInHive": 700,
  "traits":["can_swim"],
  "baseLayerTexture": "tier3/slimesteel_bee",
  "ColorData": {
    "isBeeColored": false,
    "honeycombColor": "#43F2F2",
    "isGlowing": true,
    "glowColor": "#43F2F2",
    "modelType": "ORE"
  },
  "MutationData": {
    "hasMutation": false
  },
  "CentrifugeData": {
    "hasCentrifugeOutput": true,
    "mainOutput": "tconstruct:slimesteel_ingot"
  },
  "SpawnData": {
    "canSpawnInWorld": false
  },
  "BreedData": {
    "isBreedable": true,
    "parent1": "seared",
    "parent2": "slimy",
    "feedItem": "tconstruct:slimesteel_ingot",
    "feedAmount": 1
  },
  "TraitData": {
    "hasTraits": true
  }
}
