{
  "flower": "kubejs:nectarblock_cobalt",
  "hasHoneycomb": true,
  "maxTimeInHive": 800,
  "traits":["can_swim", "nether"],
  "baseLayerTexture": "tier4/cobalt_bee",
  "ColorData": {
    "isBeeColored": false,
    "honeycombColor": "#0043A5",
    "modelType": "ORE"
  },
  "MutationData": {
    "hasMutation": false
  },
  "CentrifugeData": {
    "hasCentrifugeOutput": true,
    "mainOutput": "tconstruct:cobalt_ingot"
  },
  "SpawnData": {
    "canSpawnInWorld": false
  },
  "BreedData": {
    "isBreedable": true,
    "feedItem": "tconstruct:cobalt_ingot",
    "feedAmount": 1
  },
  "TraitData": {
    "hasTraits": true
  }
}
