{
  "flower": "kubejs:nectarblock_wither",
  "maxTimeInHive": 600,
  "hasHoneycomb": true,
  "baseLayerTexture": "wither/wither_bee",
  "traits": ["nether", "wither", "can_swim"],
  "ColorData": {
    "isBeeColored": false,
    "honeycombColor": "#444444"
  },
  "MutationData": {
    "hasMutation": false
  },
  "CentrifugeData": {
    "hasCentrifugeOutput": true,
    "mainOutput": "minecraft:nether_star",
    "mainOutputWeight": 0.1
  },
  "SpawnData": {
    "canSpawnInWorld": false
  },
  "BreedData": {
    "isBreedable": true,
    "parent1": "wither_skeleton",
    "parent2": "nether",
    "feedItem": "minecraft:nether_star",
    "feedAmount": 1
  },
  "TraitData": {
    "hasTraits": true
  }
}
