{
  "flower": "kubejs:nectarblock_silver",
  "hasHoneycomb": true,
  "maxTimeInHive": 700,
  "traits":["can_swim"],
  "baseLayerTexture": "tier2/silver_bee",
  "ColorData": {
    "isBeeColored": false,
    "honeycombColor": "#6E7E8A",
    "modelType": "ORE"
  },
  "MutationData": {
    "hasMutation": false
  },
  "CentrifugeData": {
    "hasCentrifugeOutput": true,
    "mainOutput": "thermal:silver_ingot"
  },
  "SpawnData": {
    "canSpawnInWorld": false
  },
  "BreedData": {
    "isBreedable": true,
    "parent1": "lead",
    "parent2": "andesite",
    "feedItem": "thermal:silver_ingot",
    "feedAmount": 1
  },
  "TraitData": {
    "hasTraits": true
  }
}
