{
  "flower": "kubejs:nectarblock_sea",
  "baseLayerTexture":"tier1/sea_bee",
  "hasHoneycomb": true,
  "traits":["can_swim"],
  "maxTimeInHive": 700,
  "ColorData": {
    "isBeeColored": false,
    "honeycombColor": "#234FCC"
  },
  "MutationData": {
    "hasMutation": false
  },
  "CentrifugeData": {
    "hasCentrifugeOutput": true,
    "mainOutput": "minecraft:nautilus_shell",
    "mainOutputWeight": 0.5,
    "secondaryOutput": "minecraft:heart_of_the_sea",
    "secondaryOutputWeight": 0.1
  },
  "SpawnData": {
    "canSpawnInWorld": false
  },
  "BreedData": {
    "isBreedable": true,
    "parent1": "water",
    "parent2": "fishi",
    "feedItem": "minecraft:seagrass",
    "feedAmount": 1
  },
  "TraitData": {
    "hasTraits": true
  }
}
