{
  "flower": "kubejs:nectarblock_salt",
  "baseLayerTexture":"tier1/salt_bee",
  "hasHoneycomb": true,
  "traits":["can_swim"],
  "maxTimeInHive": 700,
  "ColorData": {
    "isBeeColored": false,
    "honeycombColor": "#EBEBEB"
  },
  "MutationData": {
    "hasMutation": false
  },
  "CentrifugeData": {
    "hasCentrifugeOutput": true,
    "mainOutput": "mekanism:salt"
  },
  "SpawnData": {
    "canSpawnInWorld": false
  },
  "BreedData": {
    "isBreedable": true,
    "parent1": "water",
    "parent2": "sand",
    "feedItem": "mekanism:salt",
    "feedAmount": 1
  },
  "TraitData": {
    "hasTraits": true
  }
}
