{
  "flower": "kubejs:nectarblock_refined_obsidian",
  "hasHoneycomb": true,
  "maxTimeInHive": 800,
  "traits":["can_swim"],
  "baseLayerTexture": "tier4/refobsidian_bee",
  "ColorData": {
    "isBeeColored": false,
    "honeycombColor": "#4F4267",
    "modelType": "ORE"
  },
  "MutationData": {
    "hasMutation": false
  },
  "CentrifugeData": {
    "hasCentrifugeOutput": true,
    "mainOutput": "mekanism:ingot_refined_obsidian"
  },
  "SpawnData": {
    "canSpawnInWorld": false
  },
  "BreedData": {
    "isBreedable": true,
    "parent1": "osmium",
    "parent2": "obsidian",
    "feedItem": "mekanism:ingot_refined_obsidian",
    "feedAmount": 1
  },
  "TraitData": {
    "hasTraits": true
  }
}
