{
  "flower": "kubejs:nectarblock_dragon",
  "maxTimeInHive": 2400,
  "hasHoneycomb": true,
  "baseLayerTexture" : "dragon/dragon_bee",
  "traits": [ "ender", "nether", "wither", "can_swim" ],
  "ColorData": {
    "isBeeColored": true,
    "isGlowing": true,
    "modelType": "DRAGON",
    "primaryLayerTexture": "dragon/dragon_bee_primary",
    "secondaryLayerTexture": "dragon/dragon_bee_secondary",
    "emissiveLayerTexture": "dragon/dragon_bee_emissive",
    "primaryColor": "#222222",
    "secondaryColor": "#171717",
    "glowColor": "#E400FF",
    "honeycombColor": "#E400FF"
  },
  "MutationData": {
    "hasMutation": false
  },
  "CentrifugeData": {
    "hasCentrifugeOutput": true,
    "mainOutput": "minecraft:dragon_egg",
    "bottleOutput": "minecraft:dragon_breath",
    "mainOutputWeight": 0.01,
    "bottleOutputWeight": 0.5
  },
  "SpawnData": {
    "canSpawnInWorld": false
  },
  "BreedData": {
    "isBreedable": true,
    "feedItem": "minecraft:dragon_breath",
    "feedAmount": 5
  },
  "TraitData": {
    "hasTraits": true
  }
}
