{
  "flower": "kubejs:nectarblock_nickel",
  "hasHoneycomb": true,
  "maxTimeInHive": 700,
  "traits":["can_swim"],
  "baseLayerTexture": "tier2/nickel_bee",
  "ColorData": {
    "isBeeColored": false,
    "honeycombColor": "#A38A61",
    "modelType": "ORE"
  },
  "MutationData": {
    "hasMutation": false
  },
  "CentrifugeData": {
    "hasCentrifugeOutput": true,
    "mainOutput": "thermal:nickel_ingot"
  },
  "SpawnData": {
    "canSpawnInWorld": false
  },
  "BreedData": {
    "isBreedable": true,
    "parent1": "iron",
    "parent2": "cobblestone",
    "feedItem": "thermal:nickel_ingot",
    "feedAmount": 1
  },
  "TraitData": {
    "hasTraits": true
  }
}
