{
  "flower": "kubejs:nectarblock_cinnabar",
  "hasHoneycomb": true,
  "maxTimeInHive": 700,
  "traits":["can_swim"],
  "baseLayerTexture": "tier5/cinnabar_bee",
  "ColorData": {
    "isBeeColored": false,
    "honeycombColor": "#D44452"
  },
  "MutationData": {
    "hasMutation": false
  },
  "CentrifugeData": {
    "hasCentrifugeOutput": true,
    "mainOutput": "thermal:cinnabar"
  },
  "SpawnData": {
    "canSpawnInWorld": false
  },
  "BreedData": {
    "isBreedable": true,
    "parent1": "gold",
    "parent2": "cobblestone",
    "feedItem": "thermal:cinnabar",
    "feedAmount": 2
  },
  "TraitData": {
    "hasTraits": true
  }
}
