{
  "flower": "tconstruct:lavawood",
  "baseLayerTexture":"craftable/lava_bee",
  "hasHoneycomb": true,
  "traits":["can_swim", "nether"],
  "maxTimeInHive": 600,
  "ColorData": {
    "isBeeColored": false,
    "honeycombColor": "#C93806"
  },
  "MutationData": {
    "hasMutation": false
  },
  "CentrifugeData": {
  "hasCentrifugeOutput": true,
  "mainOutput": "minecraft:lava",
  "mainOutputCount": 250,
  "hasFluidOutput": true
  },
  "SpawnData": {
    "canSpawnInWorld": false
  },
  "BreedData": {
    "isBreedable": true,
    "feedItem": "minecraft:cobblestone",
    "feedAmount": 4
  },
  "TraitData": {
    "hasTraits": true
  }
}
