{
  "flower": "immersiveengineering:storage_electrum",
  "hasHoneycomb": true,
  "maxTimeInHive": 600,
  "ColorData": {
    "isBeeColored": true,
    "honeycombColor": "#E7D813",
    "primaryColor": "#E7D813",
    "secondaryColor": "#D7B316"
  },
  "MutationData": {
    "hasMutation": false
  },
  "CentrifugeData": {
    "hasCentrifugeOutput": true,
    "mainOutput": "immersiveengineering:ingot_electrum"
  },
  "SpawnData": {
    "canSpawnInWorld": false,
    "biomeWhitelist": "tag:OVERWORLD"
  },
  "BreedData": {
    "isBreedable": true,
    "parent1": "Gold",
    "parent2": "Silver",
    "feedItem": "immersiveengineering:ingot_electrum",
    "feedAmount": 1
  },
  "TraitData": {}
}
