{
  "flower": "astralsorcery:rock_crystal_ore",
  "hasHoneycomb": true,
  "maxTimeInHive": 600,
  "ColorData": {
    "isBeeColored": true,
    "honeycombColor": "#F1F5F6",
    "primaryColor": "#F1F5F6",
    "secondaryColor": "#D7E1E4"
  },
  "MutationData": {
    "hasMutation": false
  },
  "CentrifugeData": {
    "hasCentrifugeOutput": true,
    "mainOutput": "astralsorcery:rock_crystal_ore"
  },
  "SpawnData": {
    "canSpawnInWorld": false,
    "biomeWhitelist": "tag:OVERWORLD"
  },
  "BreedData": {
    "isBreedable": true,
    "parent1": "Aquamarine",
    "parent2": "Cobblestone",
    "feedItem": "astralsorcery:rock_crystal_ore",
    "feedAmount": 1
  },
  "TraitData": {}
}
