{
  "flower": "mekanism:block_salt",
  "hasHoneycomb": true,
  "maxTimeInHive": 600,
  "ColorData": {
    "isBeeColored": true,
    "honeycombColor": "#C9C050",
    "primaryColor": "#C9C050",
    "secondaryColor": "#DFDAA6"
  },
  "MutationData": {
    "hasMutation": false
  },
  "CentrifugeData": {
    "hasCentrifugeOutput": true,
    "mainOutput": "mekanism:dust_sulfur"
  },
  "SpawnData": {
    "canSpawnInWorld": false,
    "biomeWhitelist": "tag:OVERWORLD"
  },
  "BreedData": {
    "isBreedable": true,
    "parent1": "Salt",
    "parent2": "Creeper",
    "feedItem": "mekanism:dust_sulfur",
    "feedAmount": 1
  },
  "TraitData": {}
}
