{
  "flower": "botania:terrasteel_block",
  "hasHoneycomb": true,
  "maxTimeInHive": 600,
  "ColorData": {
    "isBeeColored": true,
    "honeycombColor": "#0DF605",
    "primaryColor": "#0DF605",
    "secondaryColor": "#1C9C18"
  },
  "MutationData": {
    "hasMutation": false
  },
  "CentrifugeData": {
    "hasCentrifugeOutput": true,
    "mainOutput": "botania:terrasteel_ingot"
  },
  "SpawnData": {
    "canSpawnInWorld": false,
    "biomeWhitelist": "tag:OVERWORLD"
  },
  "BreedData": {
    "isBreedable": true,
    "parent1": "Manasteel",
    "parent2": "Ender",
    "feedItem": "botania:terrasteel_ingot",
    "feedAmount": 1
  },
  "TraitData": {}
}
