{
  "flower": "kubejs:nectarblock_emerald",
  "hasHoneycomb": true,
  "maxTimeInHive": 600,
  "traits":["can_swim"],
  "baseLayerTexture": "ores/emerald/emerald_bee",
  "ColorData": {
    "isBeeColored": false,
    "honeycombColor": "#18eb09",
    "modelType": "ORE"
  },
  "MutationData": {
    "hasMutation": false
  },
  "CentrifugeData": {
    "hasCentrifugeOutput": true,
    "mainOutput": "minecraft:emerald"
  },
  "SpawnData": {
    "canSpawnInWorld": false
  },
  "BreedData": {
    "isBreedable": true,
    "parent1": "diamond",
    "parent2": "rgbee",
    "feedItem": "minecraft:emerald",
    "feedAmount": 1
  },
  "TraitData": {
    "hasTraits": true
  }
}
