{
  "flower": "kubejs:nectarblock_hepatizon",
  "hasHoneycomb": true,
  "maxTimeInHive": 800,
  "traits":["can_swim"],
  "baseLayerTexture": "tier5/hepatizon_bee",
  "ColorData": {
    "isBeeColored": false,
    "honeycombColor": "#543D5F",
    "modelType": "ORE"
  },
  "MutationData": {
    "hasMutation": false
  },
  "CentrifugeData": {
    "hasCentrifugeOutput": true,
    "mainOutput": "tconstruct:hepatizon_ingot"
  },
  "SpawnData": {
    "canSpawnInWorld": false
  },
  "BreedData": {
    "isBreedable": true,
    "parent1": "cobalt",
    "parent2": "obsidian",
    "feedItem": "tconstruct:hepatizon_ingot",
    "feedAmount": 1
  },
  "TraitData": {
    "hasTraits": true
  }
}
