{
  "flower": "kubejs:nectarblock_silicon",
  "hasHoneycomb": true,
  "maxTimeInHive": 700,
  "traits":["can_swim"],
  "baseLayerTexture": "tier5/silicon_bee",
  "ColorData": {
    "isBeeColored": false,
    "honeycombColor": "#655D60"
  },
  "MutationData": {
    "hasMutation": false
  },
  "CentrifugeData": {
    "hasCentrifugeOutput": true,
    "mainOutput": "appliedenergistics2:silicon"
  },
  "SpawnData": {
    "canSpawnInWorld": false
  },
  "BreedData": {
    "isBreedable": true,
    "feedItem": "appliedenergistics2:silicon",
    "feedAmount": 1
  },
  "TraitData": {
    "hasTraits": true
  }
}
