{
  "flower": "kubejs:nectarblock_osmium",
  "hasHoneycomb": true,
  "maxTimeInHive": 700,
  "traits":["can_swim"],
  "baseLayerTexture": "tier3/osmium_bee",
  "ColorData": {
    "isBeeColored": false,
    "honeycombColor": "#9EABB5",
    "modelType": "ORE"
  },
  "MutationData": {
    "hasMutation": false
  },
  "CentrifugeData": {
    "hasCentrifugeOutput": true,
    "mainOutput": "mekanism:ingot_osmium"
  },
  "SpawnData": {
    "canSpawnInWorld": false
  },
  "BreedData": {
    "isBreedable": true,
    "parent1": "silver",
    "parent2": "lead",
    "feedItem": "mekanism:ingot_osmium",
    "feedAmount": 1
  },
  "TraitData": {
    "hasTraits": true
  }
}
