{
  "flower": "kubejs:nectarblock_sheep",
  "hasHoneycomb": true,
  "maxTimeInHive": 700,
  "traits":["can_swim"],
  "baseLayerTexture": "tier3/sheep_bee",
  "ColorData": {
    "isBeeColored": false,
    "honeycombColor": "#F1F3F4"
  },
  "MutationData": {
    "hasMutation": false
  },
  "CentrifugeData": {
    "hasCentrifugeOutput": true,
    "mainOutput": "minecraft:white_wool"
  },
  "SpawnData": {
    "canSpawnInWorld": false
  },
  "BreedData": {
    "isBreedable": true,
    "feedItem": "minecraft:white_wool",
    "feedAmount": 1
  },
  "TraitData": {
    "hasTraits": true
  }
}
