{
  "flower": "kubejs:nectarblock_apatite",
  "hasHoneycomb": true,
  "maxTimeInHive": 700,
  "traits":["can_swim"],
  "baseLayerTexture": "tier2/apatite_bee",
  "ColorData": {
    "isBeeColored": false,
    "honeycombColor": "#2EC4CD"
  },
  "MutationData": {
    "hasMutation": false
  },
  "CentrifugeData": {
    "hasCentrifugeOutput": true,
    "mainOutput": "thermal:apatite"
  },
  "SpawnData": {
    "canSpawnInWorld": false
  },
  "BreedData": {
    "isBreedable": true,
    "parent1": "tin",
    "parent2": "diorite",
    "feedItem": "thermal:apatite",
    "feedAmount": 1
  },
  "TraitData": {
    "hasTraits": true
  }
}
